Unit,Count,Share with any country context,Mean unique countries,Median,P90,P99,Max
Papers,27346,0.4850435164192204,0.6350471732611717,0.0,1.0,5.0,23
Concept edges,41738,0.5477742105515357,0.9608989410129858,1.0,2.0,10.0,161
Concept nodes,6457,0.6922719529193124,4.284187703267771,1.0,8.0,49.0,596
